Date,Open,High,Low,Close,Volume
28/11/2014,1.55,1.58,1.44,1.445,329258000
1/12/2014,1.45,1.48,1.44,1.475,57038000
2/12/2014,1.475,1.52,1.445,1.455,21360782
3/12/2014,1.455,1.49,1.44,1.44,26876000
4/12/2014,1.445,1.455,1.44,1.445,11272000
5/12/2014,1.445,1.475,1.44,1.44,14444000
8/12/2014,1.445,1.455,1.095,1.145,127554000
9/12/2014,1.145,1.15,0.985,1.1,26228000
10/12/2014,1.07,1.16,1.07,1.135,12140000
11/12/2014,1.135,1.135,1.09,1.11,4208000
12/12/2014,1.11,1.125,1.08,1.105,2620000
15/12/2014,1.07,1.095,1.045,1.05,6012000
16/12/2014,1.05,1.055,0.985,1,10592000
17/12/2014,1,1.01,0.905,0.975,5480000
18/12/2014,0.965,0.975,0.905,0.975,6592000
19/12/2014,0.93,0.96,0.92,0.96,3192000
22/12/2014,0.94,0.96,0.915,0.96,6004000
23/12/2014,0.96,0.985,0.95,0.97,4888000
24/12/2014,0.97,1.01,0.955,1.005,2016000
29/12/2014,1.005,1.055,1.005,1.045,2128000
30/12/2014,1.045,1.06,1.005,1.06,1876000
31/12/2014,1.06,1.275,1.06,1.22,7588000
2/1/2015,1.19,1.2,1.11,1.145,1468100
5/1/2015,1.1,1.16,1,1.145,4496000
6/1/2015,1.125,1.125,1.08,1.115,1544000
7/1/2015,1.095,1.095,1.05,1.075,1060000
8/1/2015,1.065,1.1,1.025,1.09,3468000
9/1/2015,1.115,1.115,1.08,1.1,973284
12/1/2015,1.09,1.1,1.07,1.085,376000
13/1/2015,1.075,1.08,1.05,1.075,1244000
14/1/2015,1.075,1.075,1.05,1.075,756000
15/1/2015,1.075,1.075,1.045,1.06,1712000
16/1/2015,1.075,1.075,1.03,1.05,908000
19/1/2015,1.065,1.065,1,1.02,2184240
20/1/2015,1.04,1.04,0.97,0.99,2860000
21/1/2015,0.995,1.015,0.96,1,4956000
22/1/2015,0.995,1.055,0.985,1.05,10871392
23/1/2015,1.05,1.065,1.02,1.03,2020000
26/1/2015,1.075,1.145,1.055,1.09,12660000
27/1/2015,1.09,1.095,1.055,1.08,6907078
28/1/2015,1.065,1.15,1.06,1.115,10772000
29/1/2015,1.1,1.1,1.075,1.08,5856000
30/1/2015,1.075,1.125,1.025,1.11,4924000
2/2/2015,1.11,1.11,1.07,1.09,1840000
3/2/2015,1.1,1.115,1.065,1.07,756000
4/2/2015,1.065,1.1,1.065,1.09,1572000
5/2/2015,1.085,1.09,1.06,1.075,1048000
6/2/2015,1.085,1.11,1.075,1.085,6972000
9/2/2015,1.09,1.09,1.055,1.075,1577598
10/2/2015,1.075,1.08,1.04,1.065,508000
11/2/2015,1.04,1.04,1.02,1.035,1624000
12/2/2015,1.035,1.05,1.03,1.045,164000
13/2/2015,1.04,1.055,1.03,1.055,340000
16/2/2015,1.055,1.07,1.05,1.06,128000
17/2/2015,1.05,1.06,1.03,1.045,2172000
18/2/2015,1.06,1.06,1.045,1.045,216000
23/2/2015,1.04,1.05,1.02,1.025,1840000
24/2/2015,1.04,1.04,1,1.005,2208000
25/2/2015,1.03,1.05,1.01,1.05,488000
26/2/2015,1.05,1.07,1.05,1.065,788000
27/2/2015,1.065,1.09,1.035,1.08,2208000
2/3/2015,1.055,1.06,1.04,1.06,688000
3/3/2015,1.075,1.075,1.04,1.055,1284000
4/3/2015,1.04,1.05,1.025,1.035,156000
5/3/2015,1.03,1.045,1.02,1.03,1364000
6/3/2015,1.045,1.045,1.035,1.045,436000
9/3/2015,1.025,1.04,1.01,1.035,240000
10/3/2015,1.025,1.045,1.02,1.03,252000
11/3/2015,1.025,1.04,1.015,1.025,384000
12/3/2015,1.025,1.035,1.005,1.015,1196000
13/3/2015,1.015,1.025,1.015,1.015,300000
16/3/2015,1.015,1.015,0.975,1,4274000
17/3/2015,1.02,1.06,1,1.055,3980000
18/3/2015,1.055,1.07,1,1.04,900000
19/3/2015,1.04,1.065,1.01,1.03,2088000
20/3/2015,1.02,1.05,1.02,1.04,1288000
23/3/2015,1.04,1.045,1.005,1.01,980000
24/3/2015,1.015,1.02,1,1.02,2604000
25/3/2015,1.005,1.045,0.985,1.025,1336000
26/3/2015,1.03,1.18,1.02,1.165,33896000
27/3/2015,1.16,1.16,1.03,1.11,15284000
30/3/2015,1.12,1.15,1.1,1.13,12716000
31/3/2015,1.155,1.18,1.12,1.165,7640000
1/4/2015,1.145,1.19,1.135,1.15,8132000
2/4/2015,1.17,1.205,1.125,1.165,21048000
8/4/2015,1.195,1.335,1.175,1.28,29667650
9/4/2015,1.285,1.41,1.285,1.32,9960000
10/4/2015,1.39,1.39,1.225,1.275,7552000
13/4/2015,1.29,1.29,1.17,1.215,19552000
14/4/2015,1.22,1.315,1.22,1.25,8952000
15/4/2015,1.275,1.275,1.225,1.245,3596000
16/4/2015,1.23,1.26,1.18,1.24,5640000
17/4/2015,1.25,1.31,1.25,1.265,18748000
20/4/2015,1.28,1.3,1.245,1.285,6536000
21/4/2015,1.285,1.38,1.285,1.35,8820000
22/4/2015,1.365,1.4,1.335,1.355,8664000
23/4/2015,1.385,1.385,1.305,1.32,5836000
24/4/2015,1.325,1.355,1.275,1.31,4292000
27/4/2015,1.335,1.355,1.225,1.31,6504000
28/4/2015,1.35,1.35,1.315,1.35,4668000
29/4/2015,1.355,1.46,1.35,1.385,16127472
30/4/2015,1.395,1.45,1.36,1.39,14847516
4/5/2015,1.405,1.42,1.36,1.39,6012000
5/5/2015,1.39,1.39,1.28,1.315,13260000
6/5/2015,1.3,1.385,1.3,1.365,12606588
7/5/2015,1.365,1.365,1.25,1.28,13808000
8/5/2015,1.305,1.315,1.245,1.285,5048000
11/5/2015,1.29,1.33,1.29,1.315,1116000
12/5/2015,1.3,1.32,1.265,1.28,2696000
13/5/2015,1.27,1.345,1.265,1.32,3756000
14/5/2015,1.345,1.39,1.345,1.37,3696000
15/5/2015,1.36,1.43,1.36,1.41,6804000
18/5/2015,1.41,1.44,1.385,1.405,5008000
19/5/2015,1.42,1.43,1.39,1.405,13888000
20/5/2015,1.425,1.49,1.415,1.455,7646000
21/5/2015,1.455,1.52,1.45,1.495,7804000
22/5/2015,1.5,1.515,1.425,1.455,3568000
26/5/2015,1.455,1.525,1.455,1.49,4828000
27/5/2015,1.5,1.585,1.48,1.55,8208000
28/5/2015,1.55,1.555,1.46,1.475,7192000
29/5/2015,1.48,1.53,1.45,1.51,10254000
1/6/2015,1.49,1.51,1.45,1.46,2664000
2/6/2015,1.46,1.485,1.44,1.46,1592000
3/6/2015,1.45,1.48,1.44,1.455,964000
4/6/2015,1.47,1.76,1.455,1.5,185788000
5/6/2015,1.515,1.56,1.365,1.415,56576000
8/6/2015,1.42,1.45,1.355,1.415,3812000
9/6/2015,1.4,1.505,1.33,1.39,4252000
10/6/2015,1.35,1.435,1.35,1.385,2359908
11/6/2015,1.395,1.48,1.365,1.385,2524000
12/6/2015,1.385,1.43,1.365,1.425,1684000
15/6/2015,1.475,1.485,1.425,1.44,2248000
16/6/2015,1.455,1.455,1.345,1.38,2716000
17/6/2015,1.4,1.435,1.34,1.42,2676000
18/6/2015,1.45,1.45,1.375,1.38,1868000
19/6/2015,1.36,1.395,1.34,1.34,2636000
22/6/2015,1.37,1.395,1.325,1.345,804000
23/6/2015,1.365,1.365,1.245,1.315,3448000
24/6/2015,1.315,1.36,1.275,1.29,1716000
25/6/2015,1.275,1.345,1.205,1.26,2832000
26/6/2015,1.3,1.3,1.225,1.235,544000
29/6/2015,1.215,1.225,1.15,1.205,3168000
30/6/2015,1.2,1.24,1.15,1.2,3668000
2/7/2015,1.205,1.205,1.155,1.17,1956000
3/7/2015,1.205,1.205,1.04,1.055,9336000
6/7/2015,1.075,1.1,0.85,1,67332000
7/7/2015,1.05,1.05,0.925,0.96,4296000
8/7/2015,0.9,0.97,0.855,0.94,8632000
9/7/2015,1,1.095,0.96,1.05,8056000
10/7/2015,1.075,1.075,1.025,1.045,6344000
13/7/2015,1,1.065,1,1.065,5760000
14/7/2015,1.05,1.115,1.045,1.11,9044000
15/7/2015,1.18,1.18,1.075,1.135,4880000
16/7/2015,1.185,1.235,1.09,1.165,3284000
17/7/2015,1.23,1.23,1.19,1.21,3812000
20/7/2015,1.26,1.26,1.195,1.225,6136000
21/7/2015,1.245,1.245,1.175,1.215,4904000
22/7/2015,1.245,1.245,1.2,1.215,4724000
23/7/2015,1.23,1.265,1.2,1.23,5020000
24/7/2015,1.24,1.27,1.24,1.26,4644000
27/7/2015,1.265,1.27,1.165,1.2,6336000
28/7/2015,1.215,1.215,1.1,1.2,6084000
29/7/2015,1.22,1.255,1.205,1.245,5276000
30/7/2015,1.255,1.335,1.25,1.29,11772000
31/7/2015,1.29,1.315,1.275,1.29,4968000
3/8/2015,1.305,1.305,1.25,1.275,1872000
4/8/2015,1.205,1.275,1.205,1.27,852000
5/8/2015,1.275,1.28,1.275,1.28,48000
6/8/2015,1.28,1.28,1.28,1.28,4000
7/8/2015,1.25,1.26,1.22,1.25,408000
10/8/2015,1.23,1.245,1.18,1.245,1764000
11/8/2015,1.25,1.25,1.235,1.235,996000
12/8/2015,1.215,1.235,1.215,1.22,552000
13/8/2015,1.215,1.25,1.215,1.23,860000
14/8/2015,1.225,1.23,1.2,1.215,364000
17/8/2015,1.21,1.225,1.16,1.16,948000
18/8/2015,1.175,1.18,1.065,1.125,836000
19/8/2015,1.14,1.155,1.08,1.09,444000
20/8/2015,1.085,1.1,1.025,1.03,2172000
21/8/2015,1.015,1.015,0.955,0.99,6280000
24/8/2015,0.96,1,0.9,0.965,3328000
25/8/2015,0.97,1,0.88,0.97,1024000
26/8/2015,0.955,0.98,0.925,0.935,988000
27/8/2015,0.955,0.995,0.955,0.96,1908000
28/8/2015,0.975,1.045,0.975,1.01,420000
31/8/2015,0.995,0.995,0.985,0.985,8000
1/9/2015,0.975,0.98,0.875,0.995,1916000
2/9/2015,0.97,0.995,0.92,0.95,964000
4/9/2015,0.95,0.935,0.915,0.915,1788000
7/9/2015,0.905,0.905,0.88,0.895,1116000
8/9/2015,0.92,1.005,0.92,1,1360000
9/9/2015,1.01,1.105,1.01,1.06,2480000
10/9/2015,1.05,1.05,1,1.045,200000
11/9/2015,1.045,1.045,1,1,232000
14/9/2015,1.05,1.05,1.05,1.05,4000
15/9/2015,1.075,1.075,1.05,1.05,44000
16/9/2015,1.05,1.05,1.015,1.015,896000
17/9/2015,1.01,1.055,1.01,1.01,916000
18/9/2015,1.045,1.055,1.035,1.04,1068000
21/9/2015,1.05,1.075,1.05,1.075,1116000
22/9/2015,1.1,1.115,1.09,1.1,2460000
23/9/2015,1.1,1.1,1.045,1.065,844000
24/9/2015,1.08,1.11,1.065,1.085,696000
25/9/2015,1.1,1.13,1.075,1.075,936000
29/9/2015,1.035,1.075,1.02,1.06,580000
30/9/2015,1.085,1.085,1.025,1.075,552000
2/10/2015,1.075,1.085,1.035,1.08,2204000
5/10/2015,1.105,1.12,1.085,1.09,864000
6/10/2015,1.11,1.125,1.07,1.1,2044000
7/10/2015,1.105,1.175,1.105,1.155,1056000
8/10/2015,1.175,1.19,1.115,1.175,2016000
9/10/2015,1.175,1.3,1.175,1.25,4692000
12/10/2015,1.255,1.335,1.235,1.255,1892000
13/10/2015,1.255,1.275,1.205,1.23,1544000
14/10/2015,1.22,1.24,1.18,1.21,1548000
15/10/2015,1.2,1.255,1.2,1.235,4736000
16/10/2015,1.24,1.34,1.235,1.315,3896000
19/10/2015,1.325,1.39,1.285,1.35,4512000
20/10/2015,1.33,1.385,1.305,1.385,2120000
22/10/2015,1.36,1.375,1.345,1.375,1412000
23/10/2015,1.39,1.4,1.355,1.38,1148000
26/10/2015,1.39,1.39,1.315,1.355,1032000
27/10/2015,1.345,1.35,1.275,1.315,2792000
28/10/2015,1.295,1.345,1.255,1.3,2548000
29/10/2015,1.3,1.32,1.285,1.285,348000
30/10/2015,1.28,1.36,1.275,1.285,3760000
2/11/2015,1.285,1.31,1.25,1.28,2284000
3/11/2015,1.285,1.315,1.265,1.285,4728000
4/11/2015,1.295,1.4,1.285,1.315,10520000
5/11/2015,1.33,1.33,1.3,1.305,2664000
6/11/2015,1.31,1.37,1.29,1.34,2816000
9/11/2015,1.315,1.35,1.31,1.35,1396000
10/11/2015,1.335,1.345,1.285,1.315,1808000
11/11/2015,1.325,1.37,1.305,1.37,3352000
12/11/2015,1.37,1.4,1.335,1.34,3528000
13/11/2015,1.335,1.355,1.33,1.34,1428000
16/11/2015,1.325,1.335,1.305,1.335,1992000
17/11/2015,1.345,1.375,1.34,1.355,1588000
18/11/2015,1.36,1.365,1.33,1.33,424000
19/11/2015,1.34,1.37,1.325,1.35,2432000
20/11/2015,1.365,1.43,1.365,1.385,2948000
23/11/2015,1.385,1.46,1.36,1.445,8662218
24/11/2015,1.46,1.475,1.43,1.455,1832000
25/11/2015,1.44,1.46,1.425,1.455,2528000
26/11/2015,1.475,1.485,1.44,1.47,4448000
27/11/2015,1.46,1.615,1.46,1.495,31082200
30/11/2015,1.51,1.54,1.495,1.5,13172000
1/12/2015,1.525,1.705,1.51,1.64,46501000
2/12/2015,1.64,1.765,1.64,1.69,48000766
3/12/2015,1.695,1.79,1.625,1.63,32285000
4/12/2015,1.495,1.59,1.49,1.58,359485084
7/12/2015,1.58,1.605,1.535,1.55,23592000
8/12/2015,1.55,1.56,1.515,1.55,16616000
9/12/2015,1.55,1.64,1.525,1.625,43757084
10/12/2015,1.635,1.685,1.63,1.645,24572000
11/12/2015,1.65,1.655,1.585,1.62,16803850
14/12/2015,1.6,1.66,1.555,1.635,16480000
15/12/2015,1.645,1.72,1.64,1.71,24944000
16/12/2015,1.705,1.83,1.7,1.74,33000000
17/12/2015,1.765,1.81,1.72,1.775,34836000
18/12/2015,1.775,1.805,1.755,1.795,7372000
21/12/2015,1.8,1.925,1.8,1.92,29502360
22/12/2015,1.95,1.95,1.86,1.88,12304000
23/12/2015,1.89,1.94,1.88,1.92,19764000
24/12/2015,1.925,1.95,1.89,1.91,1360000
28/12/2015,1.925,1.93,1.815,1.865,9448000
29/12/2015,1.845,1.94,1.845,1.935,3767658
30/12/2015,1.94,1.99,1.87,1.9,11860472
31/12/2015,1.9,1.925,1.885,1.905,3004000
4/1/2016,1.905,1.965,1.725,1.835,23444000
5/1/2016,1.79,1.885,1.79,1.885,19416000
6/1/2016,1.9,1.905,1.855,1.9,15596000
7/1/2016,1.905,1.905,1.77,1.83,20189330
8/1/2016,1.84,1.845,1.74,1.8,14439974
11/1/2016,1.775,1.775,1.625,1.635,25596000
12/1/2016,1.665,1.735,1.64,1.69,23088000
13/1/2016,1.735,1.77,1.615,1.64,17340000
14/1/2016,1.615,1.695,1.565,1.68,18552286
15/1/2016,1.7,1.72,1.565,1.62,20832000
18/1/2016,1.61,1.675,1.585,1.62,15231740
19/1/2016,1.635,1.745,1.63,1.735,13380000
20/1/2016,1.735,1.735,1.65,1.695,19588000
21/1/2016,1.72,1.765,1.65,1.68,23088000
22/1/2016,1.715,1.825,1.715,1.81,28848000
25/1/2016,1.825,1.87,1.775,1.805,13248000
26/1/2016,1.795,1.92,1.795,1.81,22452000
27/1/2016,1.82,1.84,1.78,1.815,15124000
28/1/2016,1.815,1.83,1.705,1.725,22816000
29/1/2016,1.745,1.8,1.73,1.79,6660256
1/2/2016,1.785,1.83,1.77,1.81,10712000
2/2/2016,1.8,1.85,1.795,1.845,15316000
3/2/2016,1.8,1.84,1.785,1.8,8596000
4/2/2016,1.83,1.97,1.815,1.95,30300000
5/2/2016,1.935,2.05,1.925,2.04,26273866
11/2/2016,1.915,2.02,1.885,2.01,22500000
12/2/2016,2.01,2.075,1.995,2.04,23128086
15/2/2016,2.04,2.135,2.025,2.12,21254894
16/2/2016,2.11,2.235,2.11,2.2,28616000
17/2/2016,2.2,2.205,2.095,2.135,22468898
18/2/2016,2.16,2.19,2.05,2.065,19682000
19/2/2016,2.08,2.17,2.055,2.16,14231202
22/2/2016,2.16,2.255,2.13,2.25,12104000
23/2/2016,2.25,2.265,2.175,2.205,6839056
24/2/2016,2.18,2.235,2.16,2.165,6224000
25/2/2016,2.135,2.225,2.11,2.18,8388000
26/2/2016,2.21,2.32,2.19,2.28,14996400
29/2/2016,2.265,2.275,2.215,2.275,7072002
1/3/2016,2.275,2.275,2.11,2.12,14038836
2/3/2016,2.14,2.2,2.125,2.13,13936292
3/3/2016,2.12,2.265,2.12,2.22,22756726
4/3/2016,2.2,2.225,2.165,2.2,8976000
7/3/2016,2.235,2.235,2.175,2.2,7960000
8/3/2016,2.25,2.25,2.17,2.225,7676000
9/3/2016,2.175,2.21,2.075,2.165,16332000
10/3/2016,2.155,2.22,2.14,2.155,3284000
11/3/2016,2.125,2.22,2.125,2.205,5084000
14/3/2016,2.2,2.35,2.2,2.31,13004000
15/3/2016,2.285,2.345,2.275,2.29,5818696
16/3/2016,2.265,2.37,2.23,2.315,15224000
17/3/2016,2.325,2.405,2.29,2.365,13732000
18/3/2016,2.365,2.51,2.36,2.475,30752000
21/3/2016,2.45,2.47,2.4,2.435,6848000
22/3/2016,2.425,2.455,2.365,2.375,7940000
23/3/2016,2.355,2.425,2.335,2.35,5444100
24/3/2016,2.335,2.375,2.295,2.315,8348000
29/3/2016,2.29,2.375,2.285,2.345,5336000
30/3/2016,2.35,2.425,2.31,2.38,7100000
31/3/2016,2.37,2.48,2.325,2.46,10872000
1/4/2016,2.455,2.455,2.375,2.4,5864000
5/4/2016,2.48,2.63,2.44,2.575,28380762
6/4/2016,2.575,2.735,2.575,2.715,22628000
7/4/2016,2.69,2.715,2.61,2.69,45392000
8/4/2016,2.675,2.675,2.575,2.635,31660000
11/4/2016,2.615,2.815,2.61,2.785,12536000
12/4/2016,2.785,2.845,2.745,2.785,8084000
13/4/2016,2.785,2.82,2.775,2.8,11092900
14/4/2016,2.775,2.83,2.73,2.75,9326000
15/4/2016,2.735,2.755,2.7,2.715,5995874
18/4/2016,2.685,2.775,2.685,2.735,4452000
19/4/2016,2.75,2.78,2.725,2.755,8244200
20/4/2016,2.765,2.785,2.675,2.71,9604434
21/4/2016,2.74,2.79,2.675,2.74,15712000
22/4/2016,2.72,2.76,2.715,2.735,3253800
25/4/2016,2.755,2.76,2.7,2.74,2764000
26/4/2016,2.72,2.845,2.72,2.775,9552000
27/4/2016,2.795,2.845,2.76,2.835,8438000
28/4/2016,2.92,3.08,2.895,3.08,30876000
29/4/2016,3.1,3.16,3.02,3.08,20679058
3/5/2016,3.125,3.13,3.08,3.1,8640000
4/5/2016,3.1,3.125,2.925,2.965,16496000
5/5/2016,2.95,2.995,2.9,2.985,10804000
6/5/2016,2.995,3.01,2.885,2.92,4448000
9/5/2016,2.95,2.98,2.9,2.94,4851348
10/5/2016,2.925,3.02,2.925,2.96,9112000
11/5/2016,2.99,3.01,2.93,2.955,6764000
12/5/2016,2.945,2.98,2.895,2.905,7780000
13/5/2016,2.895,2.98,2.895,2.945,8440000
16/5/2016,2.94,2.965,2.92,2.945,2692000
17/5/2016,2.935,2.99,2.925,2.965,12744000
18/5/2016,2.95,2.97,2.94,2.955,6948000
19/5/2016,2.945,2.955,2.895,2.895,5218000
20/5/2016,2.895,2.895,2.76,2.8,20246200
23/5/2016,2.8,2.895,2.79,2.885,7316000
24/5/2016,2.885,2.925,2.855,2.915,6848000
25/5/2016,2.95,3.12,2.94,3.115,21304000
26/5/2016,3.12,3.175,3.09,3.165,22770000
27/5/2016,3.145,3.22,3.145,3.18,16483400
30/5/2016,3.155,3.245,3.155,3.225,12044000
31/5/2016,3.25,3.61,3.245,3.485,24686000
1/6/2016,3.485,3.485,3.235,3.255,19449496
2/6/2016,3.295,3.41,3.29,3.315,12325228
3/6/2016,3.325,3.365,3.295,3.35,8092000
6/6/2016,3.345,3.53,3.345,3.495,14260000
7/6/2016,3.51,3.52,3.375,3.38,10728130
8/6/2016,3.41,3.465,3.385,3.43,8874028
10/6/2016,3.395,3.405,3.24,3.25,19648000
13/6/2016,3.18,3.215,3.09,3.15,23310000
14/6/2016,3.125,3.25,3.125,3.21,12247034
15/6/2016,3.22,3.425,3.22,3.38,12954000
16/6/2016,3.395,3.41,3.285,3.295,6160000
17/6/2016,3.33,3.365,3.285,3.335,6136000
20/6/2016,3.335,3.4,3.33,3.36,6306000
21/6/2016,3.345,3.42,3.345,3.385,9288000
22/6/2016,3.385,3.415,3.325,3.385,9147566
23/6/2016,3.39,3.41,3.26,3.27,9700000
24/6/2016,3.275,3.35,3.13,3.315,15564000
27/6/2016,3.3,3.395,3.285,3.375,10212000
28/6/2016,3.305,3.405,3.29,3.31,10091488
29/6/2016,3.315,3.36,3.3,3.34,6040800
30/6/2016,3.35,3.56,3.35,3.48,17157300
4/7/2016,3.48,3.665,3.475,3.59,20076004
5/7/2016,3.585,3.695,3.545,3.55,26417000
6/7/2016,3.545,3.67,3.5,3.655,11847400
7/7/2016,3.655,3.745,3.645,3.65,7260000
8/7/2016,3.65,3.725,3.65,3.695,4573722
11/7/2016,3.725,3.76,3.595,3.63,10961334
12/7/2016,3.655,3.68,3.545,3.59,11413788
13/7/2016,3.605,3.73,3.605,3.695,19670666
14/7/2016,3.68,3.735,3.68,3.705,10924000
15/7/2016,3.71,3.79,3.7,3.745,11249302
18/7/2016,3.745,3.81,3.74,3.8,20802800
19/7/2016,3.8,3.96,3.8,3.92,11619000
20/7/2016,3.885,4.14,3.885,4.1,17808000
21/7/2016,4.125,4.205,4.045,4.15,22944322
22/7/2016,4.15,4.15,4,4.08,16060626
25/7/2016,4.075,4.26,4.07,4.235,12986634
26/7/2016,4.2,4.255,4.18,4.235,15216000
27/7/2016,4.235,4.32,4.165,4.285,11728000
28/7/2016,4.24,4.32,4.135,4.15,23506000
29/7/2016,4.12,4.12,3.205,3.325,127314400
1/8/2016,3.225,3.315,2.77,3.175,104208552
2/8/2016,3.175,3.175,3.175,3.175,1
3/8/2016,3.14,3.145,2.745,2.81,68621636
4/8/2016,2.79,3.185,2.75,3.13,88162616
5/8/2016,3.245,3.37,3.025,3.225,49603200
8/8/2016,3.225,3.245,3.105,3.12,15706142
9/8/2016,3.1,3.12,2.97,2.985,23716074
10/8/2016,2.96,3.065,2.9,2.905,34588000
11/8/2016,2.88,3.02,2.85,3,26780000
12/8/2016,3.03,3.045,2.915,2.93,18416434
15/8/2016,2.92,2.955,2.815,2.83,19449200
16/8/2016,2.81,2.855,2.515,2.71,79559200
17/8/2016,2.72,2.915,2.65,2.9,44443200
18/8/2016,2.915,3.12,2.915,2.98,66944000
19/8/2016,2.99,3.005,2.875,2.94,17696000
22/8/2016,2.94,3.01,2.875,2.9,18954000
23/8/2016,2.85,2.89,2.71,2.775,35792000
24/8/2016,2.83,2.84,2.77,2.78,8740000
25/8/2016,2.76,2.76,2.66,2.725,26544000
26/8/2016,2.725,2.815,2.725,2.8,23268000
29/8/2016,2.805,2.825,2.72,2.75,9926792
30/8/2016,2.75,2.955,2.74,2.935,26825160
31/8/2016,2.94,2.99,2.9,2.915,17340000
1/9/2016,2.88,2.925,2.83,2.865,15016642
2/9/2016,2.865,2.9,2.8,2.885,12196000
5/9/2016,2.9,3.2,2.875,3.175,44737000
6/9/2016,3.19,3.325,3.095,3.295,29291500
7/9/2016,3.3,3.4,3.205,3.28,25828134
8/9/2016,3.28,3.33,3.18,3.27,15238914
9/9/2016,3.26,3.465,3.24,3.36,34025684
12/9/2016,3.25,3.28,3.1,3.12,22996000
13/9/2016,3.2,3.24,3.1,3.125,12972000
14/9/2016,3.135,3.18,3.125,3.135,5404000
15/9/2016,3.16,3.335,3.16,3.31,20843000
19/9/2016,3.35,3.42,3.325,3.42,26413380
20/9/2016,3.42,3.64,3.39,3.595,36446600
21/9/2016,3.61,3.725,3.44,3.525,22734000
22/9/2016,3.575,3.595,3.48,3.51,17174000
23/9/2016,3.5,3.535,3.445,3.48,7032142
26/9/2016,3.465,3.51,3.41,3.47,5976000
27/9/2016,3.425,3.5,3.425,3.45,6897834
28/9/2016,3.47,3.48,3.43,3.455,4052000
29/9/2016,3.475,3.625,3.465,3.595,13555200
30/9/2016,3.515,3.635,3.515,3.575,17656000
3/10/2016,3.6,3.71,3.6,3.62,18692000
4/10/2016,3.65,3.65,3.5,3.56,17022464
5/10/2016,3.54,3.585,3.505,3.515,18370448
6/10/2016,3.55,3.55,3.45,3.47,8535488
7/10/2016,3.505,3.505,3.375,3.385,13937332
11/10/2016,3.455,3.47,3.395,3.43,9866000
12/10/2016,3.435,3.435,3.235,3.265,17784440
13/10/2016,3.3,3.3,3.125,3.15,15594000
14/10/2016,3.155,3.165,3.055,3.08,23059660
17/10/2016,3.09,3.09,2.955,3,31876000
18/10/2016,3.015,3.05,2.955,3.045,21194332
19/10/2016,3.045,3.05,2.925,2.955,20668000
20/10/2016,2.975,2.975,2.84,2.895,29678180
21/10/2016,2.895,2.895,2.895,2.895,1
24/10/2016,2.93,2.93,2.8,2.815,25172000
25/10/2016,2.815,2.83,2.6,2.715,82584000
26/10/2016,2.715,2.905,2.695,2.88,38957260
27/10/2016,2.88,2.89,2.755,2.83,25868000
28/10/2016,2.845,2.85,2.785,2.795,9056000
31/10/2016,2.79,2.795,2.705,2.725,16206400
1/11/2016,2.74,2.85,2.7,2.805,12286136
2/11/2016,2.81,2.97,2.81,2.875,43303528
3/11/2016,2.9,2.905,2.64,2.685,40768000
4/11/2016,2.66,2.67,2.625,2.645,19206888
7/11/2016,2.66,2.7,2.625,2.665,7640170
8/11/2016,2.7,2.72,2.45,2.505,52790000
9/11/2016,2.495,2.495,2.055,2.405,73436000
10/11/2016,2.4,2.445,2.34,2.405,26504560
11/11/2016,2.385,2.405,2.26,2.3,32707446
14/11/2016,2.28,2.3,2.17,2.195,32929030
15/11/2016,2.19,2.2,2.06,2.165,20553836
16/11/2016,2.175,2.365,2.135,2.33,24439922
17/11/2016,2.33,2.33,2.255,2.28,8052000
18/11/2016,2.28,2.285,2.2,2.285,7300876
21/11/2016,2.285,2.285,2.225,2.25,4264000
22/11/2016,2.25,2.37,2.25,2.335,13900094
23/11/2016,2.3,2.34,2.275,2.33,9052000
24/11/2016,2.33,2.335,2.3,2.305,4648000
25/11/2016,2.3,2.325,2.245,2.295,7752000
28/11/2016,2.285,2.33,2.265,2.325,16404000
29/11/2016,2.34,2.6,2.29,2.57,52804000
30/11/2016,2.55,2.585,2.445,2.46,28038000
1/12/2016,2.465,2.52,2.45,2.5,20060000
2/12/2016,2.51,2.56,2.47,2.54,13988528
5/12/2016,2.57,2.635,2.53,2.57,19609550
6/12/2016,2.6,2.64,2.58,2.62,17416000
7/12/2016,2.625,2.71,2.62,2.65,21642170
8/12/2016,2.675,2.68,2.53,2.555,15824000
9/12/2016,2.555,2.575,2.48,2.53,16120000
12/12/2016,2.565,2.565,2.465,2.495,12712000
13/12/2016,2.515,2.54,2.495,2.51,9361400
14/12/2016,2.51,2.525,2.49,2.495,4172000
15/12/2016,2.485,2.485,2.4,2.435,9603316
16/12/2016,2.445,2.48,2.42,2.445,4352000
19/12/2016,2.43,2.505,2.425,2.485,9748000
20/12/2016,2.485,2.595,2.48,2.595,10992000
21/12/2016,2.61,2.66,2.595,2.65,15814000
22/12/2016,2.625,2.685,2.625,2.67,13288000
23/12/2016,2.67,2.745,2.565,2.63,18104000
28/12/2016,2.62,2.635,2.59,2.6,3440000
29/12/2016,2.61,2.63,2.54,2.57,5942400
30/12/2016,2.59,2.59,2.55,2.57,4571960
3/1/2017,2.555,2.635,2.49,2.525,11098000
4/1/2017,2.555,2.56,2.43,2.46,13100000
5/1/2017,2.455,2.475,2.31,2.365,21665000
6/1/2017,2.375,2.44,2.36,2.4,10405198
9/1/2017,2.41,2.425,2.325,2.33,8948192
10/1/2017,2.35,2.355,2.3,2.34,8296000
11/1/2017,2.35,2.465,2.35,2.455,13786000
12/1/2017,2.43,2.45,2.375,2.39,5308456
13/1/2017,2.395,2.44,2.395,2.42,5323636
16/1/2017,2.425,2.455,2.4,2.435,5361332
17/1/2017,2.45,2.45,2.4,2.425,6160000
18/1/2017,2.44,2.49,2.435,2.44,9941868
19/1/2017,2.46,2.48,2.445,2.47,5356000
20/1/2017,2.46,2.475,2.43,2.44,3284000
23/1/2017,2.445,2.49,2.445,2.47,4784000
24/1/2017,2.485,2.49,2.445,2.475,3344000
25/1/2017,2.46,2.48,2.365,2.405,5140000
26/1/2017,2.425,2.425,2.36,2.375,4708000
27/1/2017,2.35,2.365,2.33,2.35,3744000
1/2/2017,2.385,2.385,2.31,2.355,4274510
2/2/2017,2.355,2.385,2.33,2.35,12192000
3/2/2017,2.375,2.4,2.335,2.4,5579000
6/2/2017,2.4,2.445,2.39,2.44,8256200
7/2/2017,2.445,2.445,2.39,2.41,5468208
8/2/2017,2.4,2.405,2.36,2.38,6780000
9/2/2017,2.39,2.64,2.385,2.615,31808000
10/2/2017,2.615,2.74,2.59,2.62,20424000
13/2/2017,2.65,2.68,2.59,2.67,8577000
14/2/2017,2.68,2.71,2.615,2.63,10292000
15/2/2017,2.64,2.665,2.61,2.65,5416000
16/2/2017,2.65,2.665,2.62,2.63,4778000
17/2/2017,2.63,2.63,2.52,2.54,14276000
20/2/2017,2.55,2.565,2.48,2.525,24219000
21/2/2017,2.55,2.555,2.5,2.52,10072000
22/2/2017,2.545,2.56,2.49,2.56,4589490
23/2/2017,2.54,2.66,2.54,2.66,14313400
24/2/2017,2.66,2.66,2.51,2.545,15440000
27/2/2017,2.56,2.625,2.55,2.61,5532000
28/2/2017,2.62,2.62,2.55,2.565,5204000
1/3/2017,2.555,2.59,2.54,2.565,3552000
2/3/2017,2.565,2.59,2.525,2.53,4862018
3/3/2017,2.53,2.56,2.495,2.53,4048000
6/3/2017,2.56,2.64,2.54,2.62,6796000
7/3/2017,2.64,2.65,2.61,2.63,5000000
8/3/2017,2.62,2.725,2.605,2.705,14100000
9/3/2017,2.725,2.8,2.66,2.77,20130800
10/3/2017,2.77,2.93,2.765,2.85,33367200
13/3/2017,2.855,2.995,2.855,2.955,24186000
14/3/2017,2.955,3,2.945,2.99,13720000
15/3/2017,2.995,2.995,2.92,2.925,8076000
16/3/2017,2.925,2.95,2.835,2.91,10436000
17/3/2017,2.93,3.215,2.91,3.19,41024000
20/3/2017,3.19,3.325,3.045,3.075,28980000
21/3/2017,3.075,3.085,3.01,3.025,22776000
22/3/2017,3.01,3.12,2.95,3,21749000
23/3/2017,3.015,3.11,3.01,3.04,6712000
24/3/2017,3.07,3.07,2.9,2.925,14418000
27/3/2017,2.935,2.98,2.87,2.895,10428000
28/3/2017,2.895,2.965,2.885,2.92,3738180
29/3/2017,2.975,2.985,2.885,2.9,12448000
30/3/2017,2.92,2.925,2.85,2.865,4592000
31/3/2017,2.88,2.985,2.83,2.93,14216000
3/4/2017,2.945,2.98,2.91,2.95,2522690
5/4/2017,2.955,3.075,2.95,2.995,12800000
6/4/2017,3.015,3.025,2.965,2.985,2790000
7/4/2017,3.075,3.115,3,3.095,22152000
10/4/2017,3.1,3.175,3.06,3.15,9832000
11/4/2017,3.175,3.18,3.055,3.075,6640000
12/4/2017,3.11,3.11,3.05,3.095,4764004
13/4/2017,3.07,3.1,3.025,3.055,4892000
18/4/2017,3.06,3.06,2.945,2.965,5688000
19/4/2017,2.95,2.97,2.865,2.96,6816000
20/4/2017,2.965,3.07,2.905,3.065,7340000
21/4/2017,3.07,3.07,3,3.01,2780000
24/4/2017,3.025,3.025,2.965,3,3744000
25/4/2017,3.015,3.025,2.965,2.995,5576000
26/4/2017,3.09,3.295,3.09,3.26,55592000
27/4/2017,3.285,3.45,3.2,3.405,33194600
28/4/2017,3.45,3.47,3.35,3.405,19508000
2/5/2017,3.44,3.455,3.355,3.41,10992000
4/5/2017,3.415,3.435,3.37,3.385,8272000
5/5/2017,3.37,3.375,3.275,3.275,11788000
8/5/2017,3.3,3.425,3.26,3.395,7964000
9/5/2017,3.425,3.44,3.345,3.39,4156000
10/5/2017,3.37,3.58,3.37,3.54,29979780
11/5/2017,3.52,3.66,3.42,3.47,21493600
12/5/2017,3.47,3.585,3.465,3.535,10017124
15/5/2017,3.555,3.7,3.545,3.575,27395200
16/5/2017,3.58,3.84,3.58,3.795,23856980
17/5/2017,3.79,3.9,3.69,3.715,24520000
18/5/2017,3.59,3.69,3.415,3.485,40439400
19/5/2017,3.5,3.6,3.435,3.46,13156000
22/5/2017,3.475,3.605,3.475,3.485,10484160
23/5/2017,3.52,3.575,3.31,3.36,22840000
24/5/2017,3.36,3.49,3.3,3.465,8208078
25/5/2017,3.49,3.515,3.425,3.485,3203660
26/5/2017,3.46,3.46,3.355,3.37,5951800
29/5/2017,3.36,3.435,3.325,3.39,3853840
31/5/2017,3.38,3.42,3.35,3.365,8638640
1/6/2017,3.34,3.54,3.335,3.54,13932800
2/6/2017,3.54,3.615,3.505,3.585,9100000
5/6/2017,3.6,3.62,3.515,3.545,6292100
6/6/2017,3.575,3.585,3.53,3.57,7352000
7/6/2017,3.575,3.575,3.52,3.53,8992692
8/6/2017,3.56,3.69,3.54,3.69,10134000
9/6/2017,3.69,3.69,3.525,3.545,7866854
12/6/2017,3.54,3.54,3.4,3.46,10187366
13/6/2017,3.435,3.55,3.4,3.5,7457060
14/6/2017,3.5,3.54,3.44,3.49,6110946
15/6/2017,3.45,3.485,3.415,3.46,3954060
16/6/2017,3.46,3.485,3.425,3.45,4358000
19/6/2017,3.45,3.525,3.42,3.455,3612000
20/6/2017,3.455,3.455,3.395,3.405,6287000
21/6/2017,3.4,3.4,3.075,3.09,36745500
22/6/2017,3.105,3.23,3.105,3.225,21469470
23/6/2017,3.225,3.24,3.105,3.135,8920000
26/6/2017,3.15,3.165,3.02,3.06,23390560
27/6/2017,3.065,3.115,3.045,3.05,8646000
28/6/2017,3.045,3.06,2.965,3.045,12508000
29/6/2017,3.055,3.1,3.055,3.09,5160000
30/6/2017,3.075,3.205,3.065,3.19,12180000
3/7/2017,3.185,3.29,3.185,3.26,7224474
4/7/2017,3.29,3.29,3.15,3.19,4827988
5/7/2017,3.205,3.205,3.13,3.19,4780000
6/7/2017,3.195,3.245,3.155,3.195,2881674
7/7/2017,3.18,3.18,3.125,3.13,4620772
10/7/2017,3.145,3.19,3.12,3.14,4407980
11/7/2017,3.14,3.19,3.13,3.18,3553938
12/7/2017,3.18,3.195,3.14,3.175,2924000
13/7/2017,3.195,3.34,3.195,3.32,12264000
14/7/2017,3.33,3.335,3.22,3.27,6396000
17/7/2017,3.3,3.3,3.165,3.175,8142156
18/7/2017,3.165,3.2,3.1,3.15,6876000
19/7/2017,3.15,3.245,3.135,3.22,8373216
20/7/2017,3.245,3.25,3.02,3.075,26086516
21/7/2017,3.09,3.155,3.09,3.105,6566000
24/7/2017,3.125,3.125,3.06,3.1,6740000
25/7/2017,3.12,3.135,3.07,3.135,8216000
26/7/2017,3.13,3.13,3.09,3.105,5800000
27/7/2017,3.11,3.16,3.095,3.155,6182064
28/7/2017,3.145,3.155,3.115,3.13,6296000
31/7/2017,3.1,3.145,3.09,3.13,3192000
1/8/2017,3.135,3.175,3.115,3.175,5048188
2/8/2017,3.175,3.39,3.135,3.34,18184002
3/8/2017,3.38,3.39,3.265,3.31,5932000
4/8/2017,3.335,3.415,3.26,3.4,9276000
7/8/2017,3.4,3.44,3.35,3.41,7606066
8/8/2017,3.42,3.475,3.405,3.455,13196000
9/8/2017,3.46,3.465,3.38,3.39,7512000
10/8/2017,3.4,3.4,3.25,3.3,6160000
11/8/2017,3.25,3.265,3.16,3.245,8028000
14/8/2017,3.28,3.325,3.25,3.315,2872000
15/8/2017,3.33,3.38,3.305,3.36,4784000
16/8/2017,3.375,3.375,3.25,3.28,4432000
17/8/2017,3.305,3.305,3.225,3.23,3480000
18/8/2017,3.22,3.31,3.17,3.235,3932000
21/8/2017,3.25,3.265,3.22,3.23,2876000
22/8/2017,3.23,3.255,3.185,3.2,5664000
23/8/2017,3.2,3.2,3.2,3.2,1
24/8/2017,3.21,3.24,3.14,3.22,6235838
25/8/2017,3.21,3.275,3.2,3.25,3506000
28/8/2017,3.24,3.285,3.24,3.265,3500000
29/8/2017,3.245,3.245,3.2,3.21,3352000
30/8/2017,3.215,3.26,3.18,3.18,5472000
31/8/2017,3.19,3.36,3.18,3.32,16736000
1/9/2017,3.32,3.43,3.275,3.395,12376000
4/9/2017,3.41,3.455,3.28,3.315,13372000
5/9/2017,3.315,3.475,3.31,3.47,14680000
6/9/2017,3.44,3.54,3.39,3.45,29211002
7/9/2017,3.5,3.5,3.4,3.45,6041574
8/9/2017,3.44,3.5,3.425,3.435,6088000
11/9/2017,3.435,3.465,3.405,3.455,19902400
12/9/2017,3.455,3.46,3.4,3.45,5189298
13/9/2017,3.455,4.07,3.45,4.065,90350026
14/9/2017,4,4.39,4,4.14,81859070
15/9/2017,4.105,4.145,4.05,4.1,24904000
18/9/2017,4.1,4.2,3.99,4.115,25878000
19/9/2017,4.1,4.285,4.07,4.095,19588000
20/9/2017,4.13,4.365,4.115,4.33,25242000
21/9/2017,4.33,4.46,4.245,4.295,12554000
22/9/2017,4.275,4.295,4.14,4.225,8115800
25/9/2017,4.205,4.21,3.99,4.11,10416000
26/9/2017,4.11,4.14,3.98,4.085,14946000
27/9/2017,4.08,4.375,4.08,4.315,12252000
28/9/2017,4.405,4.425,4.265,4.275,13302000
29/9/2017,4.325,4.39,4.275,4.365,3292000
3/10/2017,4.405,4.675,4.4,4.625,18415234
4/10/2017,4.63,4.695,4.45,4.525,8492000
6/10/2017,4.56,4.745,4.525,4.7,21586000
9/10/2017,4.715,4.745,4.49,4.56,11100000
10/10/2017,4.545,4.595,4.455,4.46,13284000
11/10/2017,4.5,4.58,4.405,4.445,8608000
12/10/2017,4.43,4.455,4.255,4.385,16130000
13/10/2017,4.385,4.435,4.36,4.405,5198000
16/10/2017,4.4,4.4,4.265,4.34,6208000
17/10/2017,4.35,4.435,4.275,4.325,10320000
18/10/2017,4.335,4.435,4.28,4.42,9792000
19/10/2017,4.435,4.57,4.32,4.33,14362000
20/10/2017,4.355,4.515,4.355,4.49,8094000
23/10/2017,4.485,4.65,4.47,4.49,11988000
24/10/2017,4.505,4.54,4.375,4.4,8536000
25/10/2017,4.41,4.565,4.41,4.565,7204000
26/10/2017,4.54,4.565,4.375,4.385,11316000
27/10/2017,4.35,4.35,4.075,4.11,29744000
30/10/2017,4.175,4.34,4.175,4.295,25115600
31/10/2017,4.315,4.34,4.08,4.23,11758000
1/11/2017,4.215,4.28,4.17,4.185,5516000
2/11/2017,4.225,4.225,4.135,4.145,6894000
3/11/2017,4.17,4.225,4.15,4.22,6236000
6/11/2017,4.2,4.335,4.19,4.31,7932000
7/11/2017,4.335,4.42,4.275,4.41,10560686
8/11/2017,4.385,4.45,4.315,4.35,5164000
9/11/2017,4.29,4.435,4.29,4.4,6184000
10/11/2017,4.425,4.55,4.36,4.525,6308000
13/11/2017,4.525,4.6,4.465,4.5,6356000
14/11/2017,4.46,4.5,4.4,4.4,3940000
15/11/2017,4.445,4.445,4.335,4.375,3428000
16/11/2017,4.4,4.4,4.295,4.36,2432000
17/11/2017,4.4,4.595,4.38,4.535,9588000
20/11/2017,4.52,4.535,4.38,4.4,6470000
21/11/2017,4.41,4.43,4.365,4.42,8460000
22/11/2017,4.42,4.44,4.33,4.385,8356000
23/11/2017,4.39,4.465,4.345,4.4,6596000
24/11/2017,4.4,4.4,4.25,4.325,14925332
27/11/2017,4.33,4.54,4.205,4.34,24224000
28/11/2017,4.37,4.63,4.285,4.375,42946000
29/11/2017,4.41,4.47,4.315,4.325,16436000
30/11/2017,4.325,4.335,4.115,4.15,23852610
1/12/2017,4.155,4.19,4.08,4.12,12808000
4/12/2017,4.12,4.185,4.045,4.145,5380000
5/12/2017,4.145,4.18,4.055,4.06,6466000
6/12/2017,4.07,4.145,3.88,3.9,15972000
7/12/2017,3.99,4.045,3.84,4.045,10192760
8/12/2017,4.065,4.2,4.035,4.15,7364000
11/12/2017,4.16,4.215,4.13,4.215,5032000
12/12/2017,4.205,4.24,4.15,4.21,6280000
13/12/2017,4.14,4.185,4.09,4.135,2611390
14/12/2017,4.135,4.18,4.105,4.135,2980000
15/12/2017,4.15,4.25,4.15,4.18,2220000
18/12/2017,4.15,4.19,4.075,4.12,3042000
19/12/2017,4.13,4.14,4.1,4.135,6392000
20/12/2017,4.1,4.27,4.1,4.26,6851030
21/12/2017,4.3,4.595,4.285,4.55,19758000
22/12/2017,4.56,4.56,4.4,4.495,5416000
27/12/2017,4.45,4.595,4.45,4.54,5686000
28/12/2017,4.59,4.6,4.525,4.58,4639200
29/12/2017,4.62,4.62,4.525,4.58,7880000
2/1/2018,4.505,4.595,4.41,4.45,10932000
3/1/2018,4.435,4.55,4.435,4.5,4465216
4/1/2018,4.535,4.54,4.48,4.5,5368000
5/1/2018,4.51,4.975,4.5,4.95,62920000
8/1/2018,5,5.16,4.9,5.15,21686390
9/1/2018,5.19,5.25,5.03,5.08,19894000
10/1/2018,5,5.13,4.955,5,8553584
11/1/2018,5.02,5.03,4.82,4.935,13004000
12/1/2018,4.62,4.72,4.55,4.685,326974684
15/1/2018,4.73,4.745,4.515,4.59,48608980
16/1/2018,4.62,4.695,4.55,4.65,19485034
17/1/2018,4.645,4.745,4.555,4.595,23179600
18/1/2018,4.595,4.61,4.535,4.54,18940432
19/1/2018,4.51,4.695,4.5,4.635,20682000
22/1/2018,4.7,4.735,4.6,4.645,22552998
23/1/2018,4.605,4.655,4.54,4.625,15313714
24/1/2018,4.635,4.635,4.53,4.545,13464650
25/1/2018,4.55,4.595,4.45,4.48,18744480
26/1/2018,4.56,4.85,4.53,4.79,23052000
29/1/2018,4.845,4.845,4.56,4.625,15602360
30/1/2018,4.625,4.815,4.59,4.725,20524600
31/1/2018,4.685,4.92,4.675,4.895,21752000
1/2/2018,4.9,5.01,4.775,4.82,8832000
2/2/2018,4.92,4.96,4.78,4.87,9219400
5/2/2018,4.66,4.8,4.64,4.755,8854000
6/2/2018,4.5,4.575,4.16,4.375,51039332
7/2/2018,4.515,4.585,4.295,4.415,26825602
8/2/2018,4.38,4.555,4.345,4.515,9799754
9/2/2018,4.3,4.51,4.225,4.51,24322456
12/2/2018,4.535,4.605,4.425,4.535,10500000
13/2/2018,4.59,4.685,4.53,4.565,3554000
14/2/2018,4.565,4.63,4.535,4.63,2870618
15/2/2018,4.65,4.85,4.64,4.845,7088000
20/2/2018,4.845,4.975,4.765,4.895,6768000
21/2/2018,4.905,4.985,4.85,4.955,5300666
22/2/2018,4.96,4.985,4.835,4.92,9168640
23/2/2018,4.97,5.15,4.95,5.03,11332154
26/2/2018,5.03,5.18,4.96,5.13,12083988
27/2/2018,5.17,5.29,4.92,5.07,13448000
28/2/2018,5.07,5.07,4.945,4.99,5850000
1/3/2018,4.98,5.1,4.925,5.01,9648000
2/3/2018,4.985,5.11,4.91,5,7679794
5/3/2018,5,5.05,4.87,4.91,10530000
6/3/2018,4.91,4.98,4.855,4.93,11790210
7/3/2018,4.935,5.14,4.935,4.98,10308388
8/3/2018,4.935,5.04,4.9,4.905,8849170
9/3/2018,4.9,5.04,4.9,5.03,10268000
12/3/2018,5.1,5.39,5.04,5.34,30116000
13/3/2018,5.34,5.39,5.18,5.27,13177000
14/3/2018,5.3,5.43,5.18,5.21,21392000
15/3/2018,5.24,5.5,5.16,5.42,21081000
16/3/2018,5.41,5.47,5.32,5.42,8512000
19/3/2018,5.5,5.52,5.25,5.28,20436000
20/3/2018,5.27,5.5,5.21,5.49,21602000
21/3/2018,5.49,5.58,5.3,5.37,14874000
22/3/2018,5.38,5.49,5.17,5.31,8788000
23/3/2018,5.15,5.3,5.05,5.1,23604898
26/3/2018,5.06,5.19,4.935,5.15,11576970
27/3/2018,5.15,5.47,5.15,5.31,13057000
28/3/2018,5.23,5.36,5.06,5.06,9632000
29/3/2018,5.1,5.29,5.07,5.26,10240000
3/4/2018,5.13,5.29,5.1,5.26,4880400
4/4/2018,5.33,5.33,4.975,5.02,11987034
6/4/2018,5.04,5.16,4.99,5.06,5448000
9/4/2018,5.06,5.25,4.985,5.21,13684000
10/4/2018,5.21,5.48,5.21,5.43,14438256
11/4/2018,5.42,5.73,5.41,5.54,19094032
12/4/2018,5.55,5.7,5.46,5.67,9964002
13/4/2018,5.67,5.74,5.5,5.51,11988000
16/4/2018,5.51,5.67,5.42,5.63,11229594
17/4/2018,5.63,5.69,5.37,5.43,11269930
18/4/2018,5.46,5.55,5.28,5.41,8764000
19/4/2018,5.43,5.83,5.43,5.8,26650000
20/4/2018,5.84,5.84,5.55,5.56,16561000
23/4/2018,5.59,5.7,5.5,5.55,12560000
24/4/2018,5.72,5.73,5.56,5.65,10244000
25/4/2018,5.65,5.79,5.59,5.75,11956000
26/4/2018,5.76,5.76,5.55,5.56,9128000
27/4/2018,5.55,5.69,5.53,5.6,5428000
30/4/2018,5.51,5.59,5.37,5.48,12495194
2/5/2018,5.48,5.71,5.48,5.66,20152000
3/5/2018,5.65,5.67,5.51,5.65,8912000
4/5/2018,5.65,5.77,5.51,5.62,20940000
7/5/2018,5.62,5.84,5.59,5.77,14532000
8/5/2018,5.8,5.99,5.8,5.9,17848328
9/5/2018,5.95,6,5.82,5.99,9878000
10/5/2018,6,6.25,5.94,6,25280000
11/5/2018,6.07,6.19,5.98,6,12248000
14/5/2018,5.95,6.13,5.93,6.06,12260000
15/5/2018,6.2,6.35,6.13,6.28,23572000
16/5/2018,6.22,6.53,6.19,6.28,25116776
17/5/2018,6.32,6.61,6.29,6.59,20934772
18/5/2018,6.59,6.76,6.52,6.57,18448000
21/5/2018,6.57,6.76,6.5,6.51,25364000
23/5/2018,6.67,7.1,6.61,6.77,37415000
24/5/2018,6.9,7.33,6.9,7.2,41209366
25/5/2018,7.2,7.29,7.05,7.12,20412090
28/5/2018,7.15,7.44,7.02,7.37,24096046
29/5/2018,7.35,7.6,6.79,6.85,36980000
30/5/2018,6.73,7.19,6.63,6.93,30849312
31/5/2018,7.1,7.47,7.01,7.47,29797772
1/6/2018,7.44,7.53,7.25,7.5,18824000
4/6/2018,7.59,7.63,7.2,7.33,24067824
5/6/2018,7.36,7.51,7.24,7.3,18675488
6/6/2018,7.36,7.44,7.22,7.38,13378000
7/6/2018,7.33,7.36,6.95,7.03,29108794
8/6/2018,7.05,7.18,6.95,7.14,10626000
11/6/2018,7.14,7.35,7.09,7.21,13715274
12/6/2018,7.25,7.5,7.2,7.44,33959000
13/6/2018,7.44,7.63,7.27,7.28,24701524
14/6/2018,7.11,7.25,7,7.07,18664000
15/6/2018,7.06,7.34,7.06,7.1,14763746
19/6/2018,7.1,7.1,6.66,6.83,24355900
20/6/2018,6.93,7.31,6.89,7.12,15432818
21/6/2018,7.22,7.37,7.13,7.16,11544544
22/6/2018,7.16,7.32,7.02,7.23,7813000
25/6/2018,7.31,7.32,6.91,6.92,14552878
26/6/2018,6.76,6.99,6.53,6.96,20895550
27/6/2018,6.96,7.09,6.67,6.68,15695640
28/6/2018,6.73,6.88,6.56,6.7,21918286
29/6/2018,6.56,7.15,6.56,7.07,19320000
3/7/2018,6.95,7.23,6.74,7.15,20211622
4/7/2018,7.15,7.29,6.75,6.75,15600370
5/7/2018,6.75,6.85,6.35,6.6,19259054
6/7/2018,3.34,3.345,3.125,3.245,54249400
9/7/2018,6.49,6.49,6.49,6.49,1
10/7/2018,6.49,6.49,6.49,6.49,1
11/7/2018,6.49,6.49,6.49,6.49,1
12/7/2018,6.49,6.49,6.49,6.49,1
13/7/2018,6.49,6.49,6.49,6.49,1
16/7/2018,6.49,6.49,6.49,6.49,1
17/7/2018,6.49,6.49,6.49,6.49,1
18/7/2018,6.49,6.49,6.49,6.49,1
19/7/2018,6.49,6.49,6.49,6.49,1
20/7/2018,6.49,6.49,6.49,6.49,1
23/7/2018,6.66,6.76,6.57,6.64,2990000
24/7/2018,6.76,7.17,6.68,7.06,15900000
25/7/2018,7.18,7.18,6.86,6.88,6401115
26/7/2018,6.95,7.08,6.93,6.99,12924000
27/7/2018,7,7.09,6.83,7.07,10036000
30/7/2018,7.06,7.31,7.06,7.17,10348300
31/7/2018,7.2,7.24,6.66,6.73,13660190
1/8/2018,6.78,6.94,6.58,6.63,10970694
2/8/2018,6.63,6.7,6.16,6.42,17801276
3/8/2018,6.4,6.44,6.13,6.24,13118406
6/8/2018,6.24,6.24,6.24,6.24,1
7/8/2018,5.95,6.46,5.77,6.38,21354949
8/8/2018,6.48,6.55,6.2,6.47,15918000
9/8/2018,6.45,6.56,6.27,6.55,10199000
10/8/2018,6.55,6.66,6.42,6.5,7689783
13/8/2018,5.21,5.39,4.44,4.48,163598854
14/8/2018,4.66,4.83,4.3,4.68,90611200
15/8/2018,4.61,4.65,3.95,4,95701787
16/8/2018,4.04,4.28,3.9,4.13,59091976
17/8/2018,4.22,4.29,3.52,3.73,99510000
27/8/2018,4.36,4.57,4.32,4.52,27122469
28/8/2018,4.65,4.69,4.53,4.66,25189446
29/8/2018,4.64,4.64,4.32,4.49,20728000
30/8/2018,4.59,4.6,4.26,4.29,25682000
31/8/2018,4.2,4.31,4.1,4.29,18830000
3/9/2018,4.24,4.26,4.07,4.1,11898490
4/9/2018,4.06,4.2,4.06,4.12,15048000
5/9/2018,4.1,4.22,4,4.04,10585000
6/9/2018,4,4.13,3.78,3.91,17969204
7/9/2018,3.92,4.12,3.92,4.1,15216488
10/9/2018,4.1,4.13,3.67,3.82,21944000
11/9/2018,3.85,3.85,3.57,3.6,23680000
12/9/2018,3.57,3.66,3.46,3.56,22268000
13/9/2018,3.64,3.79,3.4,3.5,22858500
14/9/2018,3.56,3.73,3.47,3.67,15323000
17/9/2018,3.59,3.67,3.5,3.61,8848000
18/9/2018,3.58,3.73,3.53,3.65,10604000
19/9/2018,3.69,3.85,3.62,3.73,11951709
20/9/2018,3.78,3.92,3.7,3.76,15577000
21/9/2018,3.87,4.16,3.77,4.13,18519084
24/9/2018,4.15,4.15,3.85,3.88,8440000
26/9/2018,3.88,4.05,3.86,3.99,15151500
27/9/2018,3.99,4.02,3.66,3.79,25524000
28/9/2018,3.83,4.16,3.79,4.1,25101859
2/10/2018,4.14,4.14,3.78,3.81,9761000
3/10/2018,3.85,3.85,3.62,3.62,15030000
4/10/2018,3.61,3.67,3.55,3.56,6724000
5/10/2018,3.51,3.68,3.48,3.65,6588000
8/10/2018,3.67,3.7,3.54,3.54,9408623
9/10/2018,3.54,3.63,3.43,3.43,8806608
10/10/2018,3.47,3.52,3.33,3.34,13856012
11/10/2018,3.16,3.19,3.01,3.09,25573500
12/10/2018,3.13,3.37,3.11,3.32,17028000
15/10/2018,3.32,3.39,3.17,3.24,12999200
16/10/2018,3.3,3.34,3.18,3.23,13880200
18/10/2018,3.26,3.27,3.11,3.14,17262000
19/10/2018,3.08,3.25,3.02,3.22,26923378
22/10/2018,3.28,3.67,3.28,3.6,28144752
23/10/2018,3.58,3.58,3.3,3.4,15242000
24/10/2018,3.44,3.5,3.29,3.44,11064000
25/10/2018,3.35,3.4,3.25,3.35,9334000
26/10/2018,3.38,3.4,3.3,3.3,13648000
29/10/2018,3.32,3.35,3.19,3.21,11810000
30/10/2018,3.23,3.33,3.2,3.26,4958000
31/10/2018,3.32,3.48,3.32,3.38,6856148
1/11/2018,3.45,3.65,3.41,3.56,14424296
2/11/2018,3.75,4.09,3.75,4.09,29196500
5/11/2018,3.99,4.32,3.83,4.19,26550000
6/11/2018,4.27,4.29,3.99,4.18,12820000
7/11/2018,4.2,4.42,4.12,4.36,27202304
8/11/2018,4.45,4.49,4.23,4.35,21000000
9/11/2018,4.38,4.38,4.15,4.18,12986000
12/11/2018,4.18,4.38,4.17,4.32,9760000
13/11/2018,4.23,4.35,4.14,4.27,15650000
14/11/2018,4.33,4.46,4.21,4.42,14254738
15/11/2018,4.5,4.5,4.3,4.44,11771000
16/11/2018,3.57,3.78,3.45,3.61,148573000
19/11/2018,3.6,3.69,3.44,3.54,34648000
20/11/2018,3.5,3.5,3.35,3.35,26832000
21/11/2018,3.32,3.58,3.3,3.55,17386000
22/11/2018,3.59,3.6,3.44,3.48,9944030
23/11/2018,3.51,3.53,3.43,3.5,8776454
26/11/2018,3.55,3.67,3.52,3.61,12052000
27/11/2018,3.63,3.72,3.52,3.52,13500000
28/11/2018,3.55,3.59,3.39,3.48,25922306
29/11/2018,3.5,3.54,3.37,3.41,15763293
30/11/2018,3.41,3.55,3.37,3.4,12972600
3/12/2018,3.49,3.64,3.45,3.61,17436940
4/12/2018,3.61,3.68,3.52,3.61,5366000
5/12/2018,3.46,3.63,3.45,3.6,6133369
6/12/2018,3.61,3.61,3.39,3.45,10430000
7/12/2018,3.47,3.51,3.35,3.35,13746000
10/12/2018,3.31,3.36,3.15,3.26,12856000
11/12/2018,3.28,3.33,3.15,3.32,12374700
12/12/2018,3.38,3.38,3.2,3.24,9091216
13/12/2018,3.27,3.34,3.22,3.31,8590000
14/12/2018,3.31,3.32,3.21,3.24,7732224
17/12/2018,3.24,3.24,3.1,3.22,9922368
18/12/2018,3.19,3.32,3.15,3.28,23758996
19/12/2018,3.26,3.28,3.21,3.23,8055000
20/12/2018,3.23,3.26,3.17,3.22,11174000
21/12/2018,3.2,3.23,3.12,3.2,7957429
24/12/2018,3.2,3.4,3.15,3.36,6262665
27/12/2018,3.37,3.38,3.29,3.33,6398000
28/12/2018,3.27,3.45,3.27,3.42,7267142
